id,start date,type,district,locality,address,Filter the word Street,Latitude,Longitude,Validate Geolocation,Ignore_Lat,Ignore_Lon,AvgElev
"118",04.2.2016,non-residential,MLADOST,ALEKSANDAR MALINOV,street D-R ATANAS MOSKOV 20,street,42.628962,23.375083,Pass,42.629199400098003,23.369285714286001,633.000000000000000
"122",05.2.2016,non-residential,MLADOST,MLADOST 4,street BIZNES PARK SOFIYA 5,street,42.62728,23.3751966,Pass,42.629199400098003,23.369285714286001,633.000000000000000
"108",20.1.2016,non-residential,VITOSHA,NATSIONALEN KINOTSENTAR,,,42.6344297,23.2998331,Pass,42.638398800196001,23.301428571429000,737.000000000000000
"224",13.5.2016,non-residential,VITOSHA,NATSIONALEN KINOTSENTAR,,,42.6344297,23.2998331,Pass,42.638398800196001,23.301428571429000,737.000000000000000
"117",04.2.2016,big housing,MLADOST,MLADOST 3,,,42.638511,23.3841136,Pass,42.638398800196001,23.382857142856999,610.000000000000000
"301",11.7.2016,infrastructure,MLADOST,MLADOST 3,,,42.638511,23.3841136,Pass,42.638398800196001,23.382857142856999,610.000000000000000
"309",14.7.2016,non-residential,MLADOST,MLADOST 3,,,42.638511,23.3841136,Pass,42.638398800196001,23.382857142856999,610.000000000000000
"339",01.8.2016,small housing,MLADOST,MLADOST 3,,,42.638511,23.3841136,Pass,42.638398800196001,23.382857142856999,610.000000000000000
"443",30.9.2016,small housing,MLADOST,MLADOST 3,,,42.638511,23.3841136,Pass,42.638398800196001,23.382857142856999,610.000000000000000
"102",11.1.2016,non-residential,MLADOST,MLADOST 2,,,42.6418504,23.3681765,Pass,42.638398800196001,23.369285714286001,635.000000000000000
"107",20.1.2016,non-residential,MLADOST,MLADOST 2,,,42.6418504,23.3681765,Pass,42.638398800196001,23.369285714286001,635.000000000000000
"165",30.3.2016,big housing,MLADOST,MLADOST 2,,,42.6418504,23.3681765,Pass,42.638398800196001,23.369285714286001,635.000000000000000
"182",18.4.2016,big housing,MLADOST,MLADOST 2,,,42.6418504,23.3681765,Pass,42.638398800196001,23.369285714286001,635.000000000000000
"203",27.4.2016,non-residential,MLADOST,MLADOST 2,,,42.6418504,23.3681765,Pass,42.638398800196001,23.369285714286001,635.000000000000000
"266",14.6.2016,big housing,MLADOST,MLADOST 2,,,42.6418504,23.3681765,Pass,42.638398800196001,23.369285714286001,635.000000000000000
"291",30.6.2016,big housing,MLADOST,ALEKSANDAR MALINOV,,,42.6405258,23.3730321,Pass,42.638398800196001,23.369285714286001,635.000000000000000
"307",14.7.2016,big housing,MLADOST,MLADOST 1A,street ALEKSANDAR MALINOV,street,42.6405258,23.3730321,Pass,42.638398800196001,23.369285714286001,635.000000000000000
"442",30.9.2016,small housing,MLADOST,ALEKSANDAR MALINOV,,,42.6405258,23.3730321,Pass,42.638398800196001,23.369285714286001,635.000000000000000
"248",01.6.2016,small housing,VITOSHA,KILIITE,,,42.6498159,23.2388913,Pass,42.647598200293999,23.233571428571000,831.000000000000000
"159",22.3.2016,big housing,VITOSHA,BOYANA,,,42.64674,23.2804153,Pass,42.647598200293999,23.274285714285998,719.000000000000000
"169",06.4.2016,big housing,VITOSHA,BOYANA,,,42.64674,23.2804153,Pass,42.647598200293999,23.274285714285998,719.000000000000000
"240",25.5.2016,small housing,VITOSHA,BOYANA,,,42.64674,23.2804153,Pass,42.647598200293999,23.274285714285998,719.000000000000000
"328",25.7.2016,small housing,VITOSHA,BOYANA,,,42.64674,23.2804153,Pass,42.647598200293999,23.274285714285998,719.000000000000000
"407",09.9.2016,big housing,VITOSHA,BOYANA,,,42.64674,23.2804153,Pass,42.647598200293999,23.274285714285998,719.000000000000000
"462",12.10.2016,small housing,VITOSHA,BOYANA,,,42.64674,23.2804153,Pass,42.647598200293999,23.274285714285998,719.000000000000000
"128",18.2.2016,big housing,TRIADITSA,KRASTOVA VADA,,,42.6494732,23.3110698,Pass,42.647598200293999,23.315000000000001,634.000000000000000
"134",02.3.2016,big housing,TRIADITSA,KRASTOVA VADA,,,42.6494732,23.3110698,Pass,42.647598200293999,23.315000000000001,634.000000000000000
"136",02.3.2016,infrastructure,TRIADITSA,KRASTOVA VADA,,,42.6494732,23.3110698,Pass,42.647598200293999,23.315000000000001,634.000000000000000
"160",23.3.2016,non-residential,TRIADITSA,KRASTOVA VADA,,,42.6494732,23.3110698,Pass,42.647598200293999,23.315000000000001,634.000000000000000
"173",11.4.2016,non-residential,TRIADITSA,KRASTOVA VADA,,,42.6494732,23.3110698,Pass,42.647598200293999,23.315000000000001,634.000000000000000
"176",12.4.2016,non-residential,TRIADITSA,KRASTOVA VADA,,,42.6494732,23.3110698,Pass,42.647598200293999,23.315000000000001,634.000000000000000
"264",10.6.2016,big housing,TRIADITSA,KRASTOVA VADA,,,42.6494732,23.3110698,Pass,42.647598200293999,23.315000000000001,634.000000000000000
"299",07.7.2016,big housing,TRIADITSA,KRASTOVA VADA,,,42.6494732,23.3110698,Pass,42.647598200293999,23.315000000000001,634.000000000000000
"321",21.7.2016,big housing,TRIADITSA,KRASTOVA VADA,,,42.6494732,23.3110698,Pass,42.647598200293999,23.315000000000001,634.000000000000000
"380",24.8.2016,big housing,TRIADITSA,KRASTOVA VADA,,,42.6494732,23.3110698,Pass,42.647598200293999,23.315000000000001,634.000000000000000
"397",31.8.2016,small housing,TRIADITSA,KRASTOVA VADA,,,42.6494732,23.3110698,Pass,42.647598200293999,23.315000000000001,634.000000000000000
"411",14.9.2016,big housing,TRIADITSA,KRASTOVA VADA,,,42.6494732,23.3110698,Pass,42.647598200293999,23.315000000000001,634.000000000000000
"415",16.9.2016,big housing,TRIADITSA,KRASTOVA VADA,,,42.6494732,23.3110698,Pass,42.647598200293999,23.315000000000001,634.000000000000000
"437",30.9.2016,big housing,TRIADITSA,KRASTOVA VADA,,,42.6494732,23.3110698,Pass,42.647598200293999,23.315000000000001,634.000000000000000
"446",04.10.2016,big housing,TRIADITSA,KRASTOVA VADA,,,42.6494732,23.3110698,Pass,42.647598200293999,23.315000000000001,634.000000000000000
"458",12.10.2016,big housing,TRIADITSA,KRASTOVA VADA,,,42.6494732,23.3110698,Pass,42.647598200293999,23.315000000000001,634.000000000000000
"474",24.10.2016,big housing,TRIADITSA,KRASTOVA VADA,,,42.6494732,23.3110698,Pass,42.647598200293999,23.315000000000001,634.000000000000000
"484",27.10.2016,big housing,TRIADITSA,KRASTOVA VADA,street EMILIYAN STANEV 48A,street,42.6512881,23.3104126,Pass,42.647598200293999,23.315000000000001,634.000000000000000
"111",25.1.2016,non-residential,MLADOST,MLADOST 1A,,,42.6490719,23.3832947,Pass,42.647598200293999,23.382857142856999,607.000000000000000
"150",17.3.2016,infrastructure,MLADOST,,street ANDREY SAHAROV,street,42.6507505,23.3766601,Pass,42.647598200293999,23.382857142856999,607.000000000000000
"272",16.6.2016,big housing,MLADOST,MLADOST 1A,,,42.6490719,23.3832947,Pass,42.647598200293999,23.382857142856999,607.000000000000000
"204",27.4.2016,non-residential,STUDENTSKI,MLADOST 1A,,,42.6490719,23.3832947,Pass,42.647598200293999,23.382857142856999,607.000000000000000
"294",01.7.2016,infrastructure,ISKAR,TSARIGRADSKO SHOSE 7-MI - 11-TI KM,,,42.6517985,23.3917943,Pass,42.647598200293999,23.396428571428999,590.000000000000000
"473",21.10.2016,infrastructure,MLADOST,,street TSARIGRADSKO SHOSE,street,42.6517985,23.3917943,Pass,42.647598200293999,23.396428571428999,590.000000000000000
"131",26.2.2016,non-residential,TRIADITSA,MANASTIRSKI LIVADI-IZTOK,,,42.6590302,23.2872154,Pass,42.656797600392999,23.287857142857000,622.000000000000000
"230",17.5.2016,small housing,TRIADITSA,MANASTIRSKI LIVADI-IZTOK,,,42.6590302,23.2872154,Pass,42.656797600392999,23.287857142857000,622.000000000000000
"371",18.8.2016,non-residential,LOZENETS,HLADILNIKA VITOSHA,PROMISHLENA ZONA HLADILNIKA,PROMISHLENA,42.6599521,23.3219023,Pass,42.656797600392999,23.328571428570999,601.000000000000000
"319",20.7.2016,non-residential,LOZENETS,DRAGALEVSKA SPIRKA,street HENRIH IBSEN 13,street,42.6588767,23.3148386,Pass,42.656797600392999,23.315000000000001,603.000000000000000
"422",20.9.2016,non-residential,LOZENETS,HLADILNIKA VITOSHA,,,42.6609037,23.3147623,Pass,42.656797600392999,23.315000000000001,603.000000000000000
"447",04.10.2016,non-residential,LOZENETS,"HLADILNIKA - VITOSHA; CHAST SEVER",,,42.6609037,23.3147623,Pass,42.656797600392999,23.315000000000001,603.000000000000000
"189",20.4.2016,non-residential,MLADOST,MLADOST 1,,,42.6549083,23.3724167,Pass,42.656797600392999,23.369285714286001,585.000000000000000
"190",21.4.2016,big housing,MLADOST,MLADOST 1,,,42.6549083,23.3724167,Pass,42.656797600392999,23.369285714286001,585.000000000000000
"228",17.5.2016,small housing,MLADOST,MLADOST 1,,,42.6549083,23.3724167,Pass,42.656797600392999,23.369285714286001,585.000000000000000
"324",25.7.2016,big housing,MLADOST,MLADOST 1,,,42.6549083,23.3724167,Pass,42.656797600392999,23.369285714286001,585.000000000000000
"460",12.10.2016,infrastructure,MLADOST,MLADOST 1,,,42.6549083,23.3724167,Pass,42.656797600392999,23.369285714286001,585.000000000000000
"198",27.4.2016,big housing,STUDENTSKI,DARVENITSA,,,42.6555338,23.3641039,Pass,42.656797600392999,23.369285714286001,585.000000000000000
"199",27.4.2016,big housing,STUDENTSKI,MLADOST 1,,,42.6549083,23.3724167,Pass,42.656797600392999,23.369285714286001,585.000000000000000
"310",14.7.2016,non-residential,STUDENTSKI,MLADOST 1,,,42.6549083,23.3724167,Pass,42.656797600392999,23.369285714286001,585.000000000000000
"338",01.8.2016,big housing,STUDENTSKI,DARVENITSA,,,42.6555338,23.3641039,Pass,42.656797600392999,23.369285714286001,585.000000000000000
"119",05.2.2016,big housing,STUDENTSKI,STUDENTSKI GRAD,,,42.6541867,23.3514271,Pass,42.656797600392999,23.355714285714001,598.000000000000000
"143",12.3.2016,non-residential,STUDENTSKI,STUDENTSKI GRAD,,,42.6541867,23.3514271,Pass,42.656797600392999,23.355714285714001,598.000000000000000
"253",03.6.2016,non-residential,STUDENTSKI,STUDENSKI GRAD,,,42.6541867,23.3514271,Pass,42.656797600392999,23.355714285714001,598.000000000000000
"255",07.6.2016,big housing,STUDENTSKI,STUDENTSKI GRAD,,,42.6541867,23.3514271,Pass,42.656797600392999,23.355714285714001,598.000000000000000
"287",28.6.2016,non-residential,STUDENTSKI,STUDENTSKI GRAD,,,42.6541867,23.3514271,Pass,42.656797600392999,23.355714285714001,598.000000000000000
"300",11.7.2016,big housing,STUDENTSKI,,STUDENTSKI GRAD,STUDENTSKI,42.6541867,23.3514271,Pass,42.656797600392999,23.355714285714001,598.000000000000000
"316",18.7.2016,big housing,STUDENTSKI,STUDENTSKI GRAD,,,42.6541867,23.3514271,Pass,42.656797600392999,23.355714285714001,598.000000000000000
"329",27.7.2016,big housing,STUDENTSKI,STUDENTSKI GRAD,,,42.6541867,23.3514271,Pass,42.656797600392999,23.355714285714001,598.000000000000000
"347",04.8.2016,non-residential,STUDENTSKI,STUDENTSKI GRAD,,,42.6541867,23.3514271,Pass,42.656797600392999,23.355714285714001,598.000000000000000
"354",11.8.2016,non-residential,STUDENTSKI,STUDENTSKI GRAD,"STUDENTSKI GRAD; block 5",STUDENTSKI,42.6594353,23.3510723,Pass,42.656797600392999,23.355714285714001,598.000000000000000
"288",28.6.2016,small housing,SLATINA,SLATINA - YUG,street PROF. TSVETAN LAZAROV,street,42.6604494,23.3919844,Pass,42.656797600392999,23.396428571428999,549.000000000000000
"125",11.2.2016,big housing,VITOSHA,PAVLOVO - BAKSTON,,,42.6623405,23.2673632,Pass,42.665997000490997,23.260714285713998,614.000000000000000
"135",02.3.2016,big housing,VITOSHA,PAVLOVO - BAKSTON,,,42.6623405,23.2673632,Pass,42.665997000490997,23.260714285713998,614.000000000000000
"137",07.3.2016,big housing,VITOSHA,PAVLOVO - BAKSTON,,,42.6623405,23.2673632,Pass,42.665997000490997,23.260714285713998,614.000000000000000
"148",17.3.2016,big housing,VITOSHA,PAVLOVO - BAKSTON,,,42.6623405,23.2673632,Pass,42.665997000490997,23.260714285713998,614.000000000000000
"149",17.3.2016,big housing,VITOSHA,TSAR BORIS III,,,42.6652466,23.2598648,Pass,42.665997000490997,23.260714285713998,614.000000000000000
"177",14.4.2016,big housing,VITOSHA,PAVLOVO - BAKSTON,,,42.6623405,23.2673632,Pass,42.665997000490997,23.260714285713998,614.000000000000000
"206",28.4.2016,non-residential,VITOSHA,PAVLOVO - BAKSTON,,,42.6623405,23.2673632,Pass,42.665997000490997,23.260714285713998,614.000000000000000
"225",16.5.2016,big housing,VITOSHA,TSAR BORIS III,,,42.6652466,23.2598648,Pass,42.665997000490997,23.260714285713998,614.000000000000000
"262",09.6.2016,infrastructure,VITOSHA,PAVLOVO - BAKSTON,,,42.6623405,23.2673632,Pass,42.665997000490997,23.260714285713998,614.000000000000000
"263",09.6.2016,small housing,VITOSHA,PAVLOVO - BAKSTON,,,42.6623405,23.2673632,Pass,42.665997000490997,23.260714285713998,614.000000000000000
"340",02.8.2016,big housing,VITOSHA,TSAR BORIS III,,,42.6652466,23.2598648,Pass,42.665997000490997,23.260714285713998,614.000000000000000
"364",16.8.2016,big housing,VITOSHA,PAVLOVO - BAKSTON,,,42.6623405,23.2673632,Pass,42.665997000490997,23.260714285713998,614.000000000000000
"370",18.8.2016,big housing,VITOSHA,PAVLOVO - BAKSTON,,,42.6623405,23.2673632,Pass,42.665997000490997,23.260714285713998,614.000000000000000
"381",25.8.2016,big housing,VITOSHA,PAVLOVO - BAKSTON,,,42.6623405,23.2673632,Pass,42.665997000490997,23.260714285713998,614.000000000000000
"405",08.9.2016,big housing,VITOSHA,PAVLOVO - BAKSTON,,,42.6623405,23.2673632,Pass,42.665997000490997,23.260714285713998,614.000000000000000
"430",27.9.2016,small housing,VITOSHA,TSAR BORIS III,,,42.6652466,23.2598648,Pass,42.665997000490997,23.260714285713998,614.000000000000000
"471",19.10.2016,small housing,VITOSHA,TSAR BORIS III,,,42.6652466,23.2598648,Pass,42.665997000490997,23.260714285713998,614.000000000000000
"129",19.2.2016,big housing,VITOSHA,KARPUZITSA,,,42.6674778,23.2488129,Pass,42.665997000490997,23.247142857143000,631.000000000000000
"360",11.8.2016,small housing,VITOSHA,KARPUZITSA,,,42.6674778,23.2488129,Pass,42.665997000490997,23.247142857143000,631.000000000000000
"368",18.8.2016,big housing,VITOSHA,KARPUZITSA,,,42.6674778,23.2488129,Pass,42.665997000490997,23.247142857143000,631.000000000000000
"426",21.9.2016,small housing,VITOSHA,KARPUZITSA,,,42.6674778,23.2488129,Pass,42.665997000490997,23.247142857143000,631.000000000000000
"432",28.9.2016,small housing,VITOSHA,KARPUZITSA,,,42.6674778,23.2488129,Pass,42.665997000490997,23.247142857143000,631.000000000000000
"468",18.10.2016,small housing,VITOSHA,KARPUZITSA,,,42.6674778,23.2488129,Pass,42.665997000490997,23.247142857143000,631.000000000000000
"285",28.6.2016,big housing,KRASNO SELO,BOROVO,,,42.6696053,23.2877825,Pass,42.665997000490997,23.287857142857000,597.000000000000000
"180",15.4.2016,big housing,VITOSHA,MANASTIRSKI LIVADI-ZAPAD,,,42.6700068,23.2878249,Pass,42.665997000490997,23.287857142857000,597.000000000000000
"200",27.4.2016,big housing,VITOSHA,MANASTIRSKI LIVADI-ZAPAD,,,42.6700068,23.2878249,Pass,42.665997000490997,23.287857142857000,597.000000000000000
"217",12.5.2016,big housing,VITOSHA,MANASTIRSKI LIVADI-ZAPAD,,,42.6700068,23.2878249,Pass,42.665997000490997,23.287857142857000,597.000000000000000
"222",13.5.2016,big housing,VITOSHA,MANASTIRSKI LIVADI-ZAPAD,,,42.6700068,23.2878249,Pass,42.665997000490997,23.287857142857000,597.000000000000000
"231",18.5.2016,big housing,VITOSHA,MANASTIRSKI LIVADI-ZAPAD,,,42.6700068,23.2878249,Pass,42.665997000490997,23.287857142857000,597.000000000000000
"239",25.5.2016,non-residential,VITOSHA,MANASTIRSKI LIVADI-ZAPAD,,,42.6700068,23.2878249,Pass,42.665997000490997,23.287857142857000,597.000000000000000
"261",09.6.2016,big housing,VITOSHA,MANASTIRSKI LIVADI-ZAPAD,,,42.6700068,23.2878249,Pass,42.665997000490997,23.287857142857000,597.000000000000000
"273",16.6.2016,big housing,VITOSHA,MANASTIRSKI LIVADI-ZAPAD,,,42.6700068,23.2878249,Pass,42.665997000490997,23.287857142857000,597.000000000000000
"317",19.7.2016,big housing,VITOSHA,MANASTIRSKI LIVADI-ZAPAD,,,42.6700068,23.2878249,Pass,42.665997000490997,23.287857142857000,597.000000000000000
"332",28.7.2016,small housing,VITOSHA,MANASTIRSKI LIVADI-ZAPAD,,,42.6700068,23.2878249,Pass,42.665997000490997,23.287857142857000,597.000000000000000
"335",29.7.2016,big housing,VITOSHA,MANASTIRSKI LIVADI-ZAPAD,,,42.6700068,23.2878249,Pass,42.665997000490997,23.287857142857000,597.000000000000000
"349",09.8.2016,big housing,VITOSHA,MANASTIRSKI LIVADI-ZAPAD,,,42.6700068,23.2878249,Pass,42.665997000490997,23.287857142857000,597.000000000000000
"425",21.9.2016,big housing,VITOSHA,MANASTIRSKI LIVADI-ZAPAD,,,42.6700068,23.2878249,Pass,42.665997000490997,23.287857142857000,597.000000000000000
"485",27.10.2016,big housing,VITOSHA,MANASTIRSKI LIVADI-ZAPAD,,,42.6700068,23.2878249,Pass,42.665997000490997,23.287857142857000,597.000000000000000
"164",30.3.2016,big housing,KRASNO SELO,BAKSTON - SEVER,,,42.6702005,23.2741463,Pass,42.665997000490997,23.274285714285998,612.000000000000000
"385",26.8.2016,big housing,KRASNO SELO,BAKSTON - SEVER,,,42.6702005,23.2741463,Pass,42.665997000490997,23.274285714285998,612.000000000000000
"214",11.5.2016,infrastructure,TRIADITSA,,"street BALGARIYA; KABLESHKOV",street,42.668079,23.2795717,Pass,42.665997000490997,23.274285714285998,612.000000000000000
"369",18.8.2016,big housing,VITOSHA,PAVLOVO - BAKSTON,street SIMEON RADEV 4,street,42.6686304,23.2724992,Pass,42.665997000490997,23.274285714285998,612.000000000000000
"308",14.7.2016,big housing,TRIADITSA,ZHIL. GRUPA YUZHEN PARK,,,42.6692151,23.3126592,Pass,42.665997000490997,23.315000000000001,619.000000000000000
"465",13.10.2016,small housing,TRIADITSA,LOZENETS-ZHIL. GRUPA - YUZHEN PARK,,,42.6692151,23.3126592,Pass,42.665997000490997,23.315000000000001,619.000000000000000
"114",02.2.2016,big housing,IZGREV,DIANABAD,street TINTYAVA,street,42.6674173,23.3536654,Pass,42.665997000490997,23.355714285714001,563.000000000000000
"452",07.10.2016,infrastructure,IZGREV,IZTOK-IZTOK,street TINTYAVA,street,42.6674173,23.3536654,Pass,42.665997000490997,23.355714285714001,563.000000000000000
"116",04.2.2016,big housing,IZGREV,DIANABAD,,,42.6639561,23.3466107,Pass,42.665997000490997,23.342142857142999,583.000000000000000
"373",22.8.2016,infrastructure,IZGREV,DIANABAD,,,42.6639561,23.3466107,Pass,42.665997000490997,23.342142857142999,583.000000000000000
"289",28.6.2016,small housing,STUDENTSKI,PARK VARTOPO,,,42.6642653,23.3703232,Pass,42.665997000490997,23.369285714286001,561.000000000000000
"242",27.5.2016,non-residential,ISKAR,DRUZHBA 1,,,42.669322,23.3920097,Pass,42.665997000490997,23.396428571428999,550.000000000000000
"181",15.4.2016,big housing,OVCHA KUPEL,GORNA BANYA,street ROZA,street,42.6775905,23.2315759,Pass,42.675196400589002,23.233571428571000,699.000000000000000
"223",13.5.2016,infrastructure,OVCHA KUPEL,GORNA BANYA,street PLANINITSA,street,42.6765949,23.2387561,Pass,42.675196400589002,23.233571428571000,699.000000000000000
"276",20.6.2016,small housing,OVCHA KUPEL,GORNA BANYA,,,42.6791745,23.2376816,Pass,42.675196400589002,23.233571428571000,699.000000000000000
"322",21.7.2016,small housing,OVCHA KUPEL,GORNA BANYA,"street IZVOR 14; GORNA BANYA",street,42.6791745,23.2376816,Pass,42.675196400589002,23.233571428571000,699.000000000000000
"341",02.8.2016,big housing,OVCHA KUPEL,GORNA BANYA,"street LOTOS; GORNA BANYA",street,42.6796683,23.2386472,Pass,42.675196400589002,23.233571428571000,699.000000000000000
"398",31.8.2016,small housing,OVCHA KUPEL,GORNA BANYA,,,42.6791745,23.2376816,Pass,42.675196400589002,23.233571428571000,699.000000000000000
"459",12.10.2016,big housing,OVCHA KUPEL,PODLOZISHTE - GORNA BANYA - RAZSHIRENIE,"street 756 7; GORNA BANYA",street,42.6791745,23.2376816,Pass,42.675196400589002,23.233571428571000,699.000000000000000
"280",23.6.2016,big housing,OVCHA KUPEL,OVCHA KUPEL,street BORYANA 41,street,42.6739454,23.2579387,Pass,42.675196400589002,23.260714285713998,608.000000000000000
"306",13.7.2016,big housing,OVCHA KUPEL,OVCHA KUPEL,street LYUBLYANA 21,street,42.6737451,23.2636596,Pass,42.675196400589002,23.260714285713998,608.000000000000000
"384",25.8.2016,small housing,OVCHA KUPEL,OVCHA KUPEL,street NARODNO HORO,street,42.6781458,23.2602168,Pass,42.675196400589002,23.260714285713998,608.000000000000000
"478",26.10.2016,big housing,OVCHA KUPEL,OVCHA KUPEL,street NARODNO HORO,street,42.6781458,23.2602168,Pass,42.675196400589002,23.260714285713998,608.000000000000000
"479",26.10.2016,infrastructure,SREDETS,,street LEONAR DA VINCHI 5,street,42.6791235,23.2585014,FIXED,42.675196400589002,23.260714285713998,608.000000000000000
"259",08.6.2016,big housing,OVCHA KUPEL,OVCHA KUPEL,street 694,street,42.6734757,23.249526,FIXED,42.675196400589002,23.247142857143000,654.000000000000000
"312",14.7.2016,small housing,OVCHA KUPEL,GORNA BANYA,street INZH. BORISLAV OGOYSKI,street,42.6769177,23.2435645,Pass,42.675196400589002,23.247142857143000,654.000000000000000
"345",04.8.2016,big housing,KRASNO SELO,BELI BREZI,street SMARCH,street,42.6767832,23.2921437,Pass,42.675196400589002,23.287857142857000,590.000000000000000
"362",12.8.2016,non-residential,KRASNO SELO,TSAR BORIS III,,,42.6780979,23.2840553,Pass,42.675196400589002,23.287857142857000,590.000000000000000
"268",14.6.2016,non-residential,KRASNO SELO,KRASNO SELO - PLAVATELEN KANAL,street PCHELA 21,street,42.6729742,23.2803168,Pass,42.675196400589002,23.274285714285998,592.000000000000000
"386",26.8.2016,non-residential,KRASNO SELO,KRASNO SELO - PLAVATELEN KANAL - SEVER,street PCHELA 21,street,42.6729742,23.2803168,Pass,42.675196400589002,23.274285714285998,592.000000000000000
"126",16.2.2016,big housing,OVCHA KUPEL,OVCHA KUPEL,"street 683; OVCHA KUPEL",street,42.6786137,23.2687006,Pass,42.675196400589002,23.274285714285998,592.000000000000000
"232",18.5.2016,infrastructure,LOZENETS,LOZENETS 3,,,42.6757759,23.3212093,FIXED,42.675196400589002,23.315000000000001,570.000000000000000
"133",02.3.2016,big housing,TRIADITSA,IV. VAZOV,street VITOSHA 119,street,42.6765141,23.3099313,Pass,42.675196400589002,23.315000000000001,570.000000000000000
"243",27.5.2016,non-residential,TRIADITSA,YUZHEN PARK 2,,,42.6706833,23.3126013,Pass,42.675196400589002,23.315000000000001,570.000000000000000
"402",02.9.2016,small housing,TRIADITSA,MANASTIRSKI LIVADI-IZTOK,street LUI AYER 146,street,42.677222,23.308889,Pass,42.675196400589002,23.315000000000001,570.000000000000000
"466",14.10.2016,small housing,TRIADITSA,MANASTIRSKI LIVADI-IZTOK,street TOR DZHEBAROV,street,42.677222,23.308889,Pass,42.675196400589002,23.315000000000001,570.000000000000000
"188",20.4.2016,infrastructure,KRASNO SELO,BELI BREZI,,,42.6773129,23.2973161,Pass,42.675196400589002,23.301428571429000,578.000000000000000
"141",11.3.2016,non-residential,TRIADITSA,KRASNO SELO - STRELBISHTE URB. BLOK 32,,,42.6742188,23.2988453,Pass,42.675196400589002,23.301428571429000,578.000000000000000
"399",01.9.2016,big housing,TRIADITSA,KRASNO SELO - STRELBISHTE URB. BL. 32,,,42.6742188,23.2988453,Pass,42.675196400589002,23.301428571429000,578.000000000000000
"216",12.5.2016,big housing,IZGREV,IZTOK-IZTOK,street F. ZH. KYURI 11,street,42.6730385,23.3521317,FIXED,42.675196400589002,23.355714285714001,572.000000000000000
"207",03.5.2016,big housing,IZGREV,IZTOK - YUG,,,42.6711674,23.3564002,Pass,42.675196400589002,23.355714285714001,572.000000000000000
"342",02.8.2016,infrastructure,IZGREV,IZTOK - YUG,,,42.6711674,23.3564002,Pass,42.675196400589002,23.355714285714001,572.000000000000000
"120",05.2.2016,infrastructure,MLADOST,"IZTOK; KARO",,,42.6711674,23.3564002,Pass,42.675196400589002,23.355714285714001,572.000000000000000
"410",13.9.2016,big housing,IZGREV,IZTOK - YUG,street NIKOLA MIRCHEV 25,street,42.6721242,23.3477504,Pass,42.675196400589002,23.342142857142999,615.000000000000000
"434",29.9.2016,small housing,IZGREV,IZTOK - YUG,street NIKOLA MIRCHEV 25,street,42.6721242,23.3477504,Pass,42.675196400589002,23.342142857142999,615.000000000000000
"162",28.3.2016,non-residential,SLATINA,KOMPLEKS BAN IV KM.,,,42.6756376,23.3660331,Pass,42.675196400589002,23.369285714286001,559.000000000000000
"197",27.4.2016,big housing,SLATINA,GEO MILEV-PODUENE-REDUTA,,,42.6790219,23.3632074,Pass,42.675196400589002,23.369285714286001,559.000000000000000
"350",09.8.2016,non-residential,SLATINA,GEO MILEV,,,42.6790219,23.3632074,Pass,42.675196400589002,23.369285714286001,559.000000000000000
"421",20.9.2016,big housing,SLATINA,HRISTO SMIRNENSKI-SLATINA,,,42.6778588,23.3680998,Pass,42.675196400589002,23.369285714286001,559.000000000000000
"257",07.6.2016,small housing,OVCHA KUPEL,GORNA BANYA,street 754,street,42.6802258,23.2293984,FIXED,42.684395800687000,23.233571428571000,662.000000000000000
"271",15.6.2016,big housing,OVCHA KUPEL,GORNA BANYA,street 754 17,street,42.6807316,23.2285565,FIXED,42.684395800687000,23.233571428571000,662.000000000000000
"363",15.8.2016,non-residential,OVCHA KUPEL,OVCHA KUPEL,street MESECHINKA 7,street,42.688676,23.2658757,Pass,42.684395800687000,23.260714285713998,592.000000000000000
"393",30.8.2016,small housing,OVCHA KUPEL,OVCHA KUPEL,street MESECHINKA,street,42.6884327,23.2664185,Pass,42.684395800687000,23.260714285713998,592.000000000000000
"146",16.3.2016,infrastructure,OVCHA KUPEL,OVCHA KUPEL 1,"street PROMISHLENA; OVCHA KUPEL - 1",street,42.6847851,23.2505591,Pass,42.684395800687000,23.247142857143000,631.000000000000000
"302",11.7.2016,infrastructure,OVCHA KUPEL,OVCHA KUPEL 2,,,42.683056,23.243056,Pass,42.684395800687000,23.247142857143000,631.000000000000000
"366",16.8.2016,non-residential,OVCHA KUPEL,OVCHA KUPEL,street NIKOLA PETKOV 76,street,42.683056,23.243056,Pass,42.684395800687000,23.247142857143000,631.000000000000000
"403",02.9.2016,small housing,OVCHA KUPEL,GORNA BANYA,street NIKOLA PETKOV 89,street,42.683056,23.243056,Pass,42.684395800687000,23.247142857143000,631.000000000000000
"461",12.10.2016,non-residential,OVCHA KUPEL,OVCHA KUPEL,,,42.683056,23.243056,Pass,42.684395800687000,23.247142857143000,631.000000000000000
"472",20.10.2016,small housing,OVCHA KUPEL,GORNA BANYA,"street 758; GORNA BANYA",street,42.683056,23.243056,Pass,42.684395800687000,23.247142857143000,631.000000000000000
"210",09.5.2016,big housing,KRASNO SELO,HIPODRUMA,,,42.6800708,23.2932839,Pass,42.684395800687000,23.287857142857000,593.000000000000000
"450",07.10.2016,big housing,KRASNO SELO,LAGERA,street HRISTO MATOV 19,street,42.6833836,23.2887992,Pass,42.684395800687000,23.287857142857000,593.000000000000000
"454",11.10.2016,non-residential,KRASNA POLYANA,FAKULTETA,street BLAGA VEST 3,street,42.6889679,23.2742026,Pass,42.684395800687000,23.274285714285998,580.000000000000000
"147",16.3.2016,infrastructure,OVCHA KUPEL,OVCHA KUPEL,street ZEMLYANE,street,42.6851058,23.2738218,Pass,42.684395800687000,23.274285714285998,580.000000000000000
"250",02.6.2016,infrastructure,OVCHA KUPEL,OVCHA KUPEL 2,street PREZIDENT LINKALN,street,42.6826266,23.2712596,Pass,42.684395800687000,23.274285714285998,580.000000000000000
"142",12.3.2016,big housing,KRASNO SELO,"BALGARIYA; HIPODRUMA",street HAN PRESIYAN 16,street,42.6868307,23.2998341,Pass,42.684395800687000,23.301428571429000,579.000000000000000
"184",18.4.2016,infrastructure,KRASNO SELO,,"street BOTEVGRADSKO SHOSE; VLADIMIR VAZOV; TSAR BORIS III; OVCHA KUPEL",street,42.6868307,23.2998341,Pass,42.684395800687000,23.301428571429000,579.000000000000000
"195",27.4.2016,big housing,KRASNO SELO,KRASNO SELO - PLAVATELEN KANAL,,,42.6868307,23.2998341,Pass,42.684395800687000,23.301428571429000,579.000000000000000
"277",21.6.2016,big housing,KRASNO SELO,KRASNO SELO - PLAVATELEN KANAL,,,42.6868307,23.2998341,Pass,42.684395800687000,23.301428571429000,579.000000000000000
"286",28.6.2016,infrastructure,KRASNO SELO,KRASNO SELO - PLAVATELEN KANAL - SEVER,,,42.6868307,23.2998341,Pass,42.684395800687000,23.301428571429000,579.000000000000000
"325",25.7.2016,big housing,TRIADITSA,KRASNO SELO - PLAVATELEN KANAL,,,42.6868307,23.2998341,Pass,42.684395800687000,23.301428571429000,579.000000000000000
"274",17.6.2016,small housing,SLATINA,GEO MILEV,street HEMUS 29,street,42.6831867,23.3570741,FIXED,42.684395800687000,23.355714285714001,567.000000000000000
"298",07.7.2016,big housing,SLATINA,GEO MILEV,street VINITSA 2,street,42.6883948,23.3527371,FIXED,42.684395800687000,23.355714285714001,567.000000000000000
"320",21.7.2016,big housing,SLATINA,GEO MILEV-PODUENE-REDUTA,street POPOVA SHAPKA 44,street,42.6888531,23.3572476,FIXED,42.684395800687000,23.355714285714001,567.000000000000000
"254",03.6.2016,small housing,SLATINA,GEO MILEV,street HUBAVKA 9,street,42.6799827,23.3622958,Pass,42.684395800687000,23.355714285714001,567.000000000000000
"267",14.6.2016,infrastructure,SLATINA,HRISTO BOTEV,,,42.681944,23.376944,Pass,42.684395800687000,23.382857142856999,537.000000000000000
"282",23.6.2016,small housing,SLATINA,LETISHTEN KOMPLEKS SOFIYA,,,42.681944,23.376944,Pass,42.684395800687000,23.382857142856999,537.000000000000000
"406",08.9.2016,infrastructure,SLATINA,LETISHTEN KOMPLEKS SOFIYA,,,42.681944,23.376944,Pass,42.684395800687000,23.382857142856999,537.000000000000000
"427",26.9.2016,non-residential,SLATINA,LETISHTEN KOMPLEKS SOFIYA,,,42.681944,23.376944,Pass,42.684395800687000,23.382857142856999,537.000000000000000
"467",17.10.2016,non-residential,SLATINA,LETISHTEN KOMPLEKS SOFIYA,,,42.681944,23.376944,Pass,42.684395800687000,23.382857142856999,537.000000000000000
"323",22.7.2016,big housing,SLATINA,HR. SMIRNENSKI - SLATINA,street KIRIL BOZHIKOV 22,street,42.6888947,23.3676447,FIXED,42.684395800687000,23.369285714286001,564.000000000000000
"167",01.4.2016,non-residential,SLATINA,HRISTO SMIRNENSKI - SLATINA - street KRIVINA,,,42.6827242,23.3717525,Pass,42.684395800687000,23.369285714286001,564.000000000000000
"292",30.6.2016,small housing,SLATINA,HRISTO SMIRNENSKI - SLATINA,street KOSTA LULCHEV 58,street,42.6806467,23.3672135,Pass,42.684395800687000,23.369285714286001,564.000000000000000
"334",29.7.2016,big housing,SLATINA,HRISTO SMIRNENSKI - SLATINA - street KRIVINA,street GEO MILEV 144,street,42.6803157,23.3748352,Pass,42.684395800687000,23.369285714286001,564.000000000000000
"482",26.10.2016,non-residential,SLATINA,GEO MILEV,street SVETLOSTRUY 19,street,42.6805875,23.3719632,Pass,42.684395800687000,23.369285714286001,564.000000000000000
"351",09.8.2016,non-residential,OVCHA KUPEL,YUBILEYNA GORA,street MONTEVIDEO 107,street,42.6916163,23.2537053,Pass,42.693595200784998,23.247142857143000,617.000000000000000
"401",02.9.2016,infrastructure,KRASNA POLYANA,KRASNA POLYANA 1,,,42.6979842,23.2830921,Pass,42.693595200784998,23.287857142857000,562.000000000000000
"166",30.3.2016,infrastructure,KRASNA POLYANA,ILINDEN,"street ALEKSANDAR  STAMBOLIYSKI; block 12",street,42.6970844,23.3202858,Pass,42.693595200784998,23.315000000000001,561.000000000000000
"236",20.5.2016,small housing,KRASNO SELO,EVREYSKI GROBISHTA,street IVAYLO 39,street,42.6953339,23.3124602,Pass,42.693595200784998,23.315000000000001,561.000000000000000
"313",15.7.2016,big housing,SERDIKA,ZONA V-17,street SOFRONIY VRACHANSKI,street,42.697858,23.321145,Pass,42.693595200784998,23.315000000000001,561.000000000000000
"395",31.8.2016,non-residential,SREDETS,TSENTAR,,,42.6905551,23.3184672,FIXED,42.693595200784998,23.315000000000001,561.000000000000000
"480",26.10.2016,infrastructure,SREDETS,,,,42.6905551,23.3184672,FIXED,42.693595200784998,23.315000000000001,561.000000000000000
"241",26.5.2016,infrastructure,TRIADITSA,TSENTAR,street KNYAZ BORIS I 59,street,42.6924517,23.3173793,Pass,42.693595200784998,23.315000000000001,561.000000000000000
"303",11.7.2016,non-residential,VAZRAZHDANE,ZONA B-3,,,42.6966222,23.3098007,Pass,42.693595200784998,23.315000000000001,561.000000000000000
"449",05.10.2016,big housing,VAZRAZHDANE,ZONA B-3,,,42.6966222,23.3098007,Pass,42.693595200784998,23.315000000000001,561.000000000000000
"170",06.4.2016,non-residential,KRASNO SELO,BUKATA,street TOTLEBEN 21,street,42.6895509,23.3074937,Pass,42.693595200784998,23.301428571429000,555.000000000000000
"175",12.4.2016,non-residential,KRASNO SELO,TSAR BORIS III,street GEN. EDUARD I. TOTLEBEN 36,street,42.6896373,23.3024056,Pass,42.693595200784998,23.301428571429000,555.000000000000000
"202",27.4.2016,non-residential,KRASNO SELO,BUKATA,street TOTLEBEN 21,street,42.6895509,23.3074937,Pass,42.693595200784998,23.301428571429000,555.000000000000000
"388",29.8.2016,big housing,MLADOST,YUGOIZTOCHEN GRAD RAYON 4 - ZONA 5,,,42.6961336,23.301621,FIXED,42.693595200784998,23.301428571429000,555.000000000000000
"106",15.1.2016,non-residential,SREDETS,,street G. S. RAKOVSKI 151,street,42.691507,23.323151,FIXED,42.693595200784998,23.328571428570999,557.000000000000000
"220",12.5.2016,non-residential,SREDETS,"TSENTAR; ZONA A",street PL. NARODNO SABRANIE,street,42.690556,23.327222,Pass,42.693595200784998,23.328571428570999,557.000000000000000
"314",15.7.2016,non-residential,SREDETS,"TSENTAR; ZONA A",street SABORNA 2,street,42.6961665,23.3243677,Pass,42.693595200784998,23.328571428570999,557.000000000000000
"115",02.2.2016,non-residential,STUDENTSKI,STUDENTSKI GRAD,street KL. OHRIDSKI 8,street,42.69277323,23.3251804,Pass,42.693595200784998,23.328571428570999,557.000000000000000
"296",05.7.2016,small housing,SLATINA,PODUENE-REDUTA,street OSTRETS 32,street,42.6913604,23.3606089,FIXED,42.693595200784998,23.355714285714001,549.000000000000000
"183",18.4.2016,big housing,OBORISHTE,PODUYANE - TSENTAR,street VASIL DRUMEV,street,42.6954628,23.3508083,Pass,42.693595200784998,23.355714285714001,549.000000000000000
"365",16.8.2016,infrastructure,OBORISHTE,PODUYANE - TSENTAR,street BUNAYA 16,street,42.6938728,23.3525744,Pass,42.693595200784998,23.355714285714001,549.000000000000000
"400",01.9.2016,infrastructure,OBORISHTE,PODUYANE - TSENTAR,street BUNAYA 16,street,42.6938728,23.3525744,Pass,42.693595200784998,23.355714285714001,549.000000000000000
"346",04.8.2016,big housing,SLATINA,PODUENE-REDUTA,street YUNLA,street,42.69569,23.3571264,FIXED,42.693595200784998,23.355714285714001,549.000000000000000
"157",22.3.2016,big housing,SLATINA,PODUENE-REDUTA,street VELCHO ATANASOV 14,street,42.6949269,23.360161,Pass,42.693595200784998,23.355714285714001,549.000000000000000
"121",05.2.2016,infrastructure,OBORISHTE,ZONA G-13 YUG,street TRAKIYA 26,street,42.696389,23.340833,Pass,42.693595200784998,23.342142857142999,548.000000000000000
"293",30.6.2016,small housing,OBORISHTE,ZONA G-12,street SHIPKA 35,street,42.6929779,23.3430597,Pass,42.693595200784998,23.342142857142999,548.000000000000000
"389",29.8.2016,non-residential,OBORISHTE,ZONA G-13,,,42.696389,23.340833,Pass,42.693595200784998,23.342142857142999,548.000000000000000
"477",25.10.2016,big housing,OBORISHTE,ZONA G-13,,,42.696389,23.340833,Pass,42.693595200784998,23.342142857142999,548.000000000000000
"201",27.4.2016,big housing,OBORISHTE,PODUYANE - TSENTAR,,,42.6934131,23.3721393,Pass,42.693595200784998,23.369285714286001,533.000000000000000
"140",11.3.2016,infrastructure,PODUYANE,HADZHI DIMITAR - MALASHEVTSI,street SKAYLER 1,street,42.6934131,23.3721393,Pass,42.693595200784998,23.369285714286001,533.000000000000000
"185",18.4.2016,non-residential,PODUYANE,LEVSKI ZONA V,street LETOSTRUY 73,street,42.6934131,23.3721393,Pass,42.693595200784998,23.369285714286001,533.000000000000000
"196",27.4.2016,big housing,PODUYANE,HADZHI DIMITAR,street NEMIROVICH-DANCHENKO,street,42.6934131,23.3721393,Pass,42.693595200784998,23.369285714286001,533.000000000000000
"247",01.6.2016,big housing,PODUYANE,LEVSKI ZONA V,street 546 7,street,42.6934131,23.3721393,Pass,42.693595200784998,23.369285714286001,533.000000000000000
"278",21.6.2016,infrastructure,PODUYANE,LEVSKI - BOTEVGRADSKO SHOSE-RILSKA OBITEL,street IV. SELIMINSKI 15,street,42.6934131,23.3721393,Pass,42.693595200784998,23.369285714286001,533.000000000000000
"284",27.6.2016,small housing,PODUYANE,LEVSKI ZONA G,block  22A - 23,block,42.6934131,23.3721393,Pass,42.693595200784998,23.369285714286001,533.000000000000000
"315",15.7.2016,small housing,PODUYANE,BOTEVGRADSKO SHOSE 2,street LETOSTRUY 20,street,42.6934131,23.3721393,Pass,42.693595200784998,23.369285714286001,533.000000000000000
"326",25.7.2016,non-residential,PODUYANE,LEVSKI ZONA V,street 560 17A,street,42.6934131,23.3721393,Pass,42.693595200784998,23.369285714286001,533.000000000000000
"377",23.8.2016,small housing,PODUYANE,SUHA REKA - ZAPAD,street TORINI KUKLI 20,street,42.6934131,23.3721393,Pass,42.693595200784998,23.369285714286001,533.000000000000000
"343",03.8.2016,big housing,SLATINA,PODUENE-REDUTA,street RUMEN VOYVODA 8A,street,42.690454,23.3643143,FIXED,42.693595200784998,23.369285714286001,533.000000000000000
"382",25.8.2016,infrastructure,PODUYANE,HADZHI DIMITAR,street NCHO VATAH 34,street,42.6934131,23.3721393,Pass,42.693595200784998,23.369285714286001,533.000000000000000
"130",25.2.2016,big housing,SLATINA,HRISTO SMIRNENSKI - SLATINA,,,42.6891343,23.3709802,Pass,42.693595200784998,23.369285714286001,533.000000000000000
"139",09.3.2016,big housing,SLATINA,HRISTO SMIRNENSKI - SLATINA,,,42.6891343,23.3709802,Pass,42.693595200784998,23.369285714286001,533.000000000000000
"155",21.3.2016,non-residential,SLATINA,HRISTO SMIRNENSKI - SLATINA,,,42.6891343,23.3709802,Pass,42.693595200784998,23.369285714286001,533.000000000000000
"191",21.4.2016,non-residential,KRASNA POLYANA,RAZSADNIKA - KONYOVITSA,,,42.6996411,23.2889484,Pass,42.702794600883003,23.287857142857000,561.000000000000000
"238",25.5.2016,non-residential,KRASNA POLYANA,RAZSADNIKA - KONYOVITSA,,,42.6996411,23.2889484,Pass,42.702794600883003,23.287857142857000,561.000000000000000
"391",30.8.2016,infrastructure,KRASNA POLYANA,RAZSADNIKA - KONYOVITSA,,,42.6996411,23.2889484,Pass,42.702794600883003,23.287857142857000,561.000000000000000
"416",16.9.2016,infrastructure,KRASNA POLYANA,RAZSADNIKA - KONYOVITSA,"street ALEKO TURANDZHA; ZHK RAZSADNIKA - KONYOVITSA",street,42.6983965,23.2892441,Pass,42.702794600883003,23.287857142857000,561.000000000000000
"221",12.5.2016,non-residential,OBORISHTE,ZONA G-14,street MARIYA LUIZA 22,street,42.7009658,23.3229407,Pass,42.702794600883003,23.328571428570999,542.000000000000000
"367",17.8.2016,infrastructure,SERDIKA,ZONA V - 17,block  43,block,42.702578,23.3219318,FIXED,42.702794600883003,23.328571428570999,542.000000000000000
"161",25.3.2016,big housing,SERDIKA,ZONA V-16,street KOZLODUY 93,street,42.7062432,23.3201759,Pass,42.702794600883003,23.315000000000001,542.000000000000000
"245",31.5.2016,big housing,SERDIKA,ZONA V-16,street BRATYA MILADINOVI 73A,street,42.7067267,23.3193093,Pass,42.702794600883003,23.315000000000001,542.000000000000000
"305",12.7.2016,big housing,SERDIKA,ZONA V-17,street KOZLODUY 76,street,42.7069226,23.3162421,Pass,42.702794600883003,23.315000000000001,542.000000000000000
"327",25.7.2016,small housing,SERDIKA,ZONA V-16,street TSAR SAMUIL 122,street,42.7071443,23.3207784,Pass,42.702794600883003,23.315000000000001,542.000000000000000
"113",01.2.2016,big housing,VAZRAZHDANE,ZONA B-4,street SHAR PLANINA 57,street,42.7035958,23.3099563,Pass,42.702794600883003,23.315000000000001,542.000000000000000
"145",15.3.2016,non-residential,VAZRAZHDANE,PROBIV PENCHO SLAVEYKOV,,,42.699444,23.309444,Pass,42.702794600883003,23.315000000000001,542.000000000000000
"153",21.3.2016,big housing,VAZRAZHDANE,ZONA B-4,street TSAR SIMEON 153,street,42.699444,23.309444,Pass,42.702794600883003,23.315000000000001,542.000000000000000
"168",06.4.2016,big housing,VAZRAZHDANE,ZAPADNO NAPRAVLENIE,,,42.699444,23.309444,Pass,42.702794600883003,23.315000000000001,542.000000000000000
"270",15.6.2016,big housing,VAZRAZHDANE,ZONA B-3,street TSAR SIMEON 154,street,42.699444,23.309444,Pass,42.702794600883003,23.315000000000001,542.000000000000000
"290",28.6.2016,small housing,VAZRAZHDANE,PROBIV PENCHO SLAVEYKOV,,,42.699444,23.309444,Pass,42.702794600883003,23.315000000000001,542.000000000000000
"152",18.3.2016,infrastructure,PODUYANE,SUHA REKA,"street PLAKALNITSA; block 60",street,42.7004619,23.3685978,Pass,42.702794600883003,23.369285714286001,530.000000000000000
"390",30.8.2016,big housing,PODUYANE,SUHA REKA - BOTEVGRADSKO SHOSE,,,42.6997213,23.3687595,Pass,42.702794600883003,23.369285714286001,530.000000000000000
"456",11.10.2016,non-residential,PODUYANE,BOTEVGRADSKO SHOSE-RAMKA,,,42.6997213,23.3687595,Pass,42.702794600883003,23.369285714286001,530.000000000000000
"109",22.1.2016,non-residential,KRASNA POLYANA,ZAPADEN RAYON - SUHODOL,,,42.7027745,23.2580243,Pass,42.702794600883003,23.260714285713998,622.000000000000000
"101",11.1.2016,non-residential,KRASNA POLYANA,TRUDOVI KAZARMI,street SUHOLSKA,street,42.7,23.25,Pass,42.702794600883003,23.247142857143000,636.000000000000000
"138",07.3.2016,non-residential,KRASNA POLYANA,FAKULTETA,"street SUHOLSKA; VL. KURTEV",street,42.7,23.25,Pass,42.702794600883003,23.247142857143000,636.000000000000000
"344",04.8.2016,big housing,KRASNA POLYANA,SREDETS,street ZLATNA BRUDZHA 26,street,42.7,23.25,Pass,42.702794600883003,23.247142857143000,636.000000000000000
"352",09.8.2016,small housing,KRASNA POLYANA,TRUDOVI KAZARMI,street SREBROSTRUY 6,street,42.7,23.25,Pass,42.702794600883003,23.247142857143000,636.000000000000000
"417",17.9.2016,infrastructure,KRASNA POLYANA,SUHODOL,street SUHOLSKA 189,street,42.7,23.25,Pass,42.702794600883003,23.247142857143000,636.000000000000000
"455",11.10.2016,non-residential,KRASNA POLYANA,TRUDOVI KAZARMI,street SREBROSTRUY 6,street,42.7,23.25,Pass,42.702794600883003,23.247142857143000,636.000000000000000
"211",09.5.2016,big housing,VAZRAZHDANE,ZAPADNO NAPRAVLENIE,street PIROTSKA 91,street,42.7015139,23.3077393,Pass,42.702794600883003,23.301428571429000,550.000000000000000
"123",08.2.2016,big housing,PODUYANE,HADZHI DIMITAR,street D-R ALBERT LONG 10,street,42.7030612,23.3495811,Pass,42.702794600883003,23.355714285714001,530.000000000000000
"281",23.6.2016,small housing,PODUYANE,SUHA REKA - ZAPAD,street PODUENSKA 8,street,42.7007257,23.3531742,Pass,42.702794600883003,23.355714285714001,530.000000000000000
"420",20.9.2016,big housing,PODUYANE,SUHA REKA-BOTEVGRADSKO SHOSE-SEVER,street MIHAIL SARAFOV 4,street,42.7026254,23.3550691,Pass,42.702794600883003,23.355714285714001,530.000000000000000
"187",20.4.2016,big housing,OBORISHTE,ZONA G-13,street HRISTO KOVACHEV 32,street,42.7023244,23.3356499,Pass,42.702794600883003,23.342142857142999,533.000000000000000
"144",14.3.2016,infrastructure,ILINDEN,ZAHARNA FABRIKA,"street KUKUSH 2; ZAHARNA FABRIKA",street,42.7159386,23.2858137,Pass,42.711994000981001,23.287857142857000,561.000000000000000
"219",12.5.2016,non-residential,ILINDEN,VALCHO IVANOV - SEVER,,,42.712778,23.29,Pass,42.711994000981001,23.287857142857000,561.000000000000000
"408",09.9.2016,infrastructure,ILINDEN,GEVGELIYSKI KVARTAL,,,42.7087558,23.2817702,Pass,42.711994000981001,23.287857142857000,561.000000000000000
"439",30.9.2016,infrastructure,ILINDEN,VALCHO IVANOV - SEVER,"SVETA TROITSA; block  174",SVETA,42.7101144,23.2944535,Pass,42.711994000981001,23.287857142857000,561.000000000000000
"438",30.9.2016,infrastructure,ILINDEN,GEVGELIYSKI KVARTAL,"GEVGELIYSKI; block  12","GEVGELIYSKI;",42.7088586,23.2764751,FIXED,42.711994000981001,23.274285714285998,561.000000000000000
"151",18.3.2016,big housing,SERDIKA,ZONA V-17,street KALOFER 8-10,street,42.707451,23.3092599,Pass,42.711994000981001,23.315000000000001,549.000000000000000
"251",03.6.2016,infrastructure,SERDIKA,ZONA V-17,BANISHORA,BANISHORA,42.7095357,23.3134377,Pass,42.711994000981001,23.315000000000001,549.000000000000000
"348",04.8.2016,small housing,SERDIKA,ZONA B-17,street MARIYA LUIZA 193,street,42.714047,23.3109025,Pass,42.711994000981001,23.315000000000001,549.000000000000000
"353",11.8.2016,big housing,SERDIKA,ZONA V-17,street KALOFER 7,street,42.7076494,23.3089425,Pass,42.711994000981001,23.315000000000001,549.000000000000000
"375",22.8.2016,non-residential,SERDIKA,ZONA V - 17,street IVAN TURGENEV 10,street,42.7136014,23.3085254,FIXED,42.711994000981001,23.315000000000001,549.000000000000000
"428",27.9.2016,big housing,SERDIKA,ZONA V-17,street KOZLODUY 175,street,42.707941,23.3086721,Pass,42.711994000981001,23.315000000000001,549.000000000000000
"105",15.1.2016,infrastructure,ILINDEN,VALCHO IVANOV - SEVER,street PLOVDIV 20,street,42.7115401,23.295978,Pass,42.711994000981001,23.301428571429000,558.000000000000000
"440",30.9.2016,infrastructure,ILINDEN,VALCHO IVANOV - SEVER,"SVETA TROITSA; block  353",SVETA,42.7124292,23.2963978,Pass,42.711994000981001,23.301428571429000,558.000000000000000
"233",19.5.2016,infrastructure,SERDIKA,FONDOVI ZHILISHTA,block 209,block,42.7152584,23.3045165,Pass,42.711994000981001,23.301428571429000,558.000000000000000
"234",19.5.2016,infrastructure,SERDIKA,FONDOVI ZHILISHTA,block 214,block,42.7129046,23.3030081,Pass,42.711994000981001,23.301428571429000,558.000000000000000
"246",31.5.2016,infrastructure,SERDIKA,FONDOVI ZHILISHTA,street MARIN CHEV HRISTOV,street,42.7149734,23.3017653,Pass,42.711994000981001,23.301428571429000,558.000000000000000
"441",30.9.2016,infrastructure,ILINDEN,VALCHO IVANOV - SEVER,"SVETA TROITSA; block  383",SVETA,42.7083592,23.2998151,FIXED,42.711994000981001,23.301428571429000,558.000000000000000
"226",16.5.2016,small housing,SERDIKA,BENKOVSKI,street OBRAVSKI PAT 7,street,42.71084818,23.33474343,Pass,42.711994000981001,23.328571428570999,538.000000000000000
"186",20.4.2016,big housing,PODUYANE,HADZHI DIMITAR,,,42.707705,23.3490691,Pass,42.711994000981001,23.355714285714001,526.000000000000000
"229",17.5.2016,small housing,PODUYANE,HADZHI DIMITAR - MALASHEVTSI,street REZBARSKA 7,street,42.7122735,23.3551962,Pass,42.711994000981001,23.355714285714001,526.000000000000000
"265",10.6.2016,infrastructure,PODUYANE,HADZHI DIMITAR,street REZBARSKA 3A,street,42.7107076,23.3473755,Pass,42.711994000981001,23.342142857142999,529.000000000000000
"383",25.8.2016,small housing,SERDIKA,ORLANDOVTSI-MALASHEVTSI,street KESTEN 17A,street,42.7161374,23.34239,Pass,42.711994000981001,23.342142857142999,529.000000000000000
"379",24.8.2016,big housing,PODUYANE,LEVSKI ZONA G,,,42.7125617,23.377427,FIXED,42.711994000981001,23.382857142856999,525.000000000000000
"279",22.6.2016,big housing,LYULIN,LYULIN 10,"street MAKENIYA 1; LYULIN 10",street,42.723894,23.2375028,Pass,42.721193401078999,23.233571428571000,587.000000000000000
"418",19.9.2016,infrastructure,LYULIN,FILIPOVTSI,,,42.7182941,23.2236272,Pass,42.721193401078999,23.219999999999999,594.000000000000000
"318",19.7.2016,infrastructure,LYULIN,MODERNO PREDGRADIE - RAZSHIRENIE,,,42.7211662,23.2809741,Pass,42.721193401078999,23.274285714285998,554.000000000000000
"376",23.8.2016,big housing,OVCHA KUPEL,PODLOZISHTE - GORNA BANYA - RAZSHIRENIE,street 756,street,42.7172781,23.2763756,FIXED,42.721193401078999,23.274285714285998,554.000000000000000
"192",21.4.2016,non-residential,VRABNITSA,MODERNO PREDGRADIE,,,42.7211662,23.2809741,Pass,42.721193401078999,23.274285714285998,554.000000000000000
"337",29.7.2016,small housing,NADEZHDA,TOLSTOY,"street ELOV L 46; LEV TOLSTOY",street,42.7257394,23.3093314,FIXED,42.721193401078999,23.315000000000001,533.000000000000000
"445",03.10.2016,big housing,PODUYANE,LEVSKI - BOTEVGRADSKO SHOSE-RAMKA,street KAP. R. NIKOLOV,street,42.7239911,23.320679,FIXED,42.721193401078999,23.315000000000001,533.000000000000000
"227",17.5.2016,big housing,NADEZHDA,TRIAGALNIKA,,,42.7215841,23.303478,Pass,42.721193401078999,23.301428571429000,540.000000000000000
"218",12.5.2016,infrastructure,OBORISHTE,ZONA G-13,street PANAYOT VOLOV 26-28-30,street,42.71676858,23.33451598,Pass,42.721193401078999,23.328571428570999,530.000000000000000
"436",29.9.2016,small housing,SERDIKA,ORLANDOVTSI-MALASHEVTSI,street KIRIL PARLICHEV 54,street,42.7229293,23.3330831,Pass,42.721193401078999,23.328571428570999,530.000000000000000
"464",13.10.2016,small housing,SERDIKA,ZONA V-15,,,42.7215075,23.3286028,Pass,42.721193401078999,23.328571428570999,530.000000000000000
"475",24.10.2016,infrastructure,SERDIKA,ZONA V-17,,,42.7215075,23.3286028,Pass,42.721193401078999,23.328571428570999,530.000000000000000
"252",03.6.2016,infrastructure,SERDIKA,ORLANDOVTSI-MALASHEVTSI,"street HRISTO BATANDZHIEV; block 1; 2; 3; 4; 5",street,42.7171318,23.3398756,Pass,42.721193401078999,23.342142857142999,531.000000000000000
"275",20.6.2016,small housing,SERDIKA,ORLANDOVTSI-MALASHEVTSI,street HRISTO STANISHEV 41,street,42.7194342,23.3454985,Pass,42.721193401078999,23.342142857142999,531.000000000000000
"387",26.8.2016,small housing,SERDIKA,ORLANDOVTSI-MALASHEVTSI,street PETAR VELICHKOV 1,street,42.7237575,23.3405563,Pass,42.721193401078999,23.342142857142999,531.000000000000000
"412",14.9.2016,small housing,SERDIKA,ORLANDOVTSI-MALASHEVTSI,street TAYGA 16,street,42.7230448,23.3386295,Pass,42.721193401078999,23.342142857142999,531.000000000000000
"476",24.10.2016,infrastructure,SERDIKA,ORLANDOVTSI-MALASHEVTSI,street STOLETNIK,street,42.7171039,23.3445446,Pass,42.721193401078999,23.342142857142999,531.000000000000000
"110",22.1.2016,non-residential,SERDIKA,VOENNA RAMPA-IZTOK,street KONSTANTIN PRESLAVSKI 6,street,42.7304678,23.3306462,Pass,42.730392801177999,23.328571428570999,529.000000000000000
"154",21.3.2016,non-residential,SERDIKA,VOENNA RAMPA-IZTOK,street LOKOMOTIV 1,street,42.7291336,23.3224927,Pass,42.730392801177999,23.328571428570999,529.000000000000000
"336",29.7.2016,non-residential,NADEZHDA,VOENNA RAMPA - ZAPAD,street ILIENSKO SHOSE 3,street,42.733105,23.3173119,Pass,42.730392801177999,23.315000000000001,531.000000000000000
"256",07.6.2016,infrastructure,SERDIKA,"VOENNA RAMPA; ZONA V-15; ZONA V-16; ZONA V-17",,,42.7262431,23.3159225,Pass,42.730392801177999,23.315000000000001,531.000000000000000
"103",13.1.2016,infrastructure,ISKAR,NADEZHDA 2A 2B,,,42.7325,23.298611,Pass,42.730392801177999,23.301428571429000,536.000000000000000
"104",13.1.2016,infrastructure,NADEZHDA,STANKE DIMITROV,,,42.7325,23.298611,Pass,42.730392801177999,23.301428571429000,536.000000000000000
"112",01.2.2016,big housing,NADEZHDA,NADEZHDA 2B,,,42.7325,23.298611,Pass,42.730392801177999,23.301428571429000,536.000000000000000
"156",22.3.2016,big housing,NADEZHDA,NADEZHDA 2B,,,42.7325,23.298611,Pass,42.730392801177999,23.301428571429000,536.000000000000000
"174",12.4.2016,big housing,NADEZHDA,NADEZHDA 3,,,42.728,23.300945,Pass,42.730392801177999,23.301428571429000,536.000000000000000
"179",15.4.2016,big housing,NADEZHDA,STANKE DIMITROV,,,42.7325,23.298611,Pass,42.730392801177999,23.301428571429000,536.000000000000000
"205",28.4.2016,non-residential,NADEZHDA,MOMKOVA MAHALA 2,,,42.7325,23.298611,Pass,42.730392801177999,23.301428571429000,536.000000000000000
"209",05.5.2016,small housing,NADEZHDA,MOMKOVA MAHALA 2,,,42.7325,23.298611,Pass,42.730392801177999,23.301428571429000,536.000000000000000
"258",08.6.2016,big housing,NADEZHDA,MOMKOVA MAHALA 2,,,42.7325,23.298611,Pass,42.730392801177999,23.301428571429000,536.000000000000000
"297",06.7.2016,big housing,NADEZHDA,NADEZHDA 2A 2B,street CHUMIR 5,street,42.7320943,23.2955034,FIXED,42.730392801177999,23.301428571429000,536.000000000000000
"356",11.8.2016,small housing,NADEZHDA,MOMKOVA MAHALA 2,,,42.7325,23.298611,Pass,42.730392801177999,23.301428571429000,536.000000000000000
"357",11.8.2016,small housing,NADEZHDA,NADEZHDA 3,,,42.728,23.300945,Pass,42.730392801177999,23.301428571429000,536.000000000000000
"359",11.8.2016,small housing,NADEZHDA,TOLSTOY,,,42.7325,23.298611,Pass,42.730392801177999,23.301428571429000,536.000000000000000
"419",19.9.2016,small housing,NADEZHDA,NADEZHDA 2,,,42.7325,23.298611,Pass,42.730392801177999,23.301428571429000,536.000000000000000
"451",07.10.2016,big housing,NADEZHDA,NADEZHDA 1B,,,42.7325,23.298611,Pass,42.730392801177999,23.301428571429000,536.000000000000000
"457",12.10.2016,big housing,NADEZHDA,NADEZHDA 2B,"street PROF. NIKOV; EKZARH STEFAN",street,42.7300715,23.3006344,Pass,42.730392801177999,23.301428571429000,536.000000000000000
"487",28.10.2016,small housing,SERDIKA,BENKOVSKI,street PERYANOVETS 11,street,42.7345632,23.3406012,Pass,42.730392801177999,23.342142857142999,521.000000000000000
